[{"@type":"dssTask","id":"@1","name":"syn_rid_upsert","description":"","autoExpireObject":false,"maxLogs":10,"sourceConnectionId":"@h8MdVZPRIKBdgcK0Q5VhYb","targetConnectionId":"@6kp99j5UKURg398y1mxaCR","targetObject":"CUSTOMER_MASTER1","targetObjectLabel":"CUSTOMER_MASTER1","operation":"Upsert","maxRows":0,"truncateTarget":false,"bulkApiDBTarget":false,"verbose":false,"srcFlatFileAttrs":{"@type":"flatFileAttrs","id":20040019,"delimiter":",","textQualifier":"\"","escapeChar":"","headerLineNo":1,"firstDataRow":2,"rowDelimiter":0,"consecutiveDelimiter":false,"multiDelimitersAsAnd":true,"firstDataRowAsHeader":false,"codePage":""},"targetMetadataUpdated":false,"modelVersion":"V3-R600","queryAll":false,"srcSettings":{"@type":"taskDataSourceSetting","isShowLabels":false,"isNaturalOrder":true},"tgtSettings":{"@type":"taskDataSourceSetting","isShowLabels":false,"isNaturalOrder":true},"cfSettings":{"@type":"taskDataSourceSetting","isShowLabels":false,"isNaturalOrder":false},"bulkApi":false,"bulkApiSerialMode":false,"bulkApiMonitor":false,"isTargetObjectSfCustom":false,"allowNullUpdates":false,"targetBatchSize":200,"assignmentRuleId":"-1","assignmentRuleType":"None","createSuccessFile":false,"bulkApiHardDelete":false,"srcRuntimeAttrs":{"@type":"taskRuntimeAttrs","attrs":{}},"tgtRuntimeAttrs":{"@type":"taskRuntimeAttrs","attrs":{}},"parameterFileEncoding":"UTF-8","serverlessProperties":{},"sourceObjects":[{"@type":"mObject","name":"INITIAL_CUSTOMERS.CSV","label":"INITIAL_CUSTOMERS.CSV","metadataUpdated":false,"relations":[],"children":[]}],"advancedFilters":[],"filters":[],"fieldMaps":[{"@type":"fieldMap","id":"47986092","targetField":{"@type":"field","id":126873001,"name":"CUST_ID","type":"integer","uniqueName":"CUST_ID","label":"CUST_ID","parentObject":"CUSTOMER_MASTER1","pcType":"INT","precision":10,"scale":0,"columnIndex":0,"isKey":true,"isWaterMarkKey":false,"isExternalId":false,"isSfIdLookup":false,"isNullable":false,"isUnique":true,"isCreateable":false,"isUpdateable":true,"isFilterable":true,"isCalculated":false,"filterType":"INT","showLabel":false,"naturalOrder":0,"typeConfigFields":[],"typeConfigProperties":{},"linkedFields":["CUST_ID"],"relatedInfos":[],"references":[]},"expression":"CUST_ID"},{"@type":"fieldMap","id":"47986093","targetField":{"@type":"field","id":126873002,"name":"FIRST_NAME","type":"varchar","uniqueName":"FIRST_NAME","label":"FIRST_NAME","parentObject":"CUSTOMER_MASTER1","pcType":"STRING","precision":50,"scale":0,"columnIndex":1,"isKey":false,"isWaterMarkKey":false,"isExternalId":false,"isSfIdLookup":false,"isNullable":true,"isUnique":false,"isCreateable":false,"isUpdateable":true,"isFilterable":true,"isCalculated":false,"filterType":"STRING","showLabel":false,"naturalOrder":1,"typeConfigFields":[],"typeConfigProperties":{},"linkedFields":["FIRST_NAME"],"relatedInfos":[],"references":[]},"expression":"FIRST_NAME"},{"@type":"fieldMap","id":"47986094","targetField":{"@type":"field","id":126873003,"name":"LAST_NAME","type":"varchar","uniqueName":"LAST_NAME","label":"LAST_NAME","parentObject":"CUSTOMER_MASTER1","pcType":"STRING","precision":50,"scale":0,"columnIndex":2,"isKey":false,"isWaterMarkKey":false,"isExternalId":false,"isSfIdLookup":false,"isNullable":true,"isUnique":false,"isCreateable":false,"isUpdateable":true,"isFilterable":true,"isCalculated":false,"filterType":"STRING","showLabel":false,"naturalOrder":2,"typeConfigFields":[],"typeConfigProperties":{},"linkedFields":["LAST_NAME"],"relatedInfos":[],"references":[]},"expression":"LAST_NAME"},{"@type":"fieldMap","id":"47986095","targetField":{"@type":"field","id":126873004,"name":"ADDR1","type":"varchar","uniqueName":"ADDR1","label":"ADDR1","parentObject":"CUSTOMER_MASTER1","pcType":"STRING","precision":100,"scale":0,"columnIndex":3,"isKey":false,"isWaterMarkKey":false,"isExternalId":false,"isSfIdLookup":false,"isNullable":true,"isUnique":false,"isCreateable":false,"isUpdateable":true,"isFilterable":true,"isCalculated":false,"filterType":"STRING","showLabel":false,"naturalOrder":3,"typeConfigFields":[],"typeConfigProperties":{},"linkedFields":["ADDR1"],"relatedInfos":[],"references":[]},"expression":"ADDR1"},{"@type":"fieldMap","id":"47986096","targetField":{"@type":"field","id":126873005,"name":"ADDR2","type":"varchar","uniqueName":"ADDR2","label":"ADDR2","parentObject":"CUSTOMER_MASTER1","pcType":"STRING","precision":100,"scale":0,"columnIndex":4,"isKey":false,"isWaterMarkKey":false,"isExternalId":false,"isSfIdLookup":false,"isNullable":true,"isUnique":false,"isCreateable":false,"isUpdateable":true,"isFilterable":true,"isCalculated":false,"filterType":"STRING","showLabel":false,"naturalOrder":4,"typeConfigFields":[],"typeConfigProperties":{},"linkedFields":["ADDR2"],"relatedInfos":[],"references":[]},"expression":"ADDR2"},{"@type":"fieldMap","id":"47986097","targetField":{"@type":"field","id":126873006,"name":"CITY","type":"varchar","uniqueName":"CITY","label":"CITY","parentObject":"CUSTOMER_MASTER1","pcType":"STRING","precision":50,"scale":0,"columnIndex":5,"isKey":false,"isWaterMarkKey":false,"isExternalId":false,"isSfIdLookup":false,"isNullable":true,"isUnique":false,"isCreateable":false,"isUpdateable":true,"isFilterable":true,"isCalculated":false,"filterType":"STRING","showLabel":false,"naturalOrder":5,"typeConfigFields":[],"typeConfigProperties":{},"linkedFields":["CITY"],"relatedInfos":[],"references":[]},"expression":"CITY"},{"@type":"fieldMap","id":"47986098","targetField":{"@type":"field","id":126873007,"name":"STATE","type":"varchar","uniqueName":"STATE","label":"STATE","parentObject":"CUSTOMER_MASTER1","pcType":"STRING","precision":50,"scale":0,"columnIndex":6,"isKey":false,"isWaterMarkKey":false,"isExternalId":false,"isSfIdLookup":false,"isNullable":true,"isUnique":false,"isCreateable":false,"isUpdateable":true,"isFilterable":true,"isCalculated":false,"filterType":"STRING","showLabel":false,"naturalOrder":6,"typeConfigFields":[],"typeConfigProperties":{},"linkedFields":["STATE"],"relatedInfos":[],"references":[]},"expression":"STATE"},{"@type":"fieldMap","id":"47986099","targetField":{"@type":"field","id":126873008,"name":"POSTAL_CODE","type":"varchar","uniqueName":"POSTAL_CODE","label":"POSTAL_CODE","parentObject":"CUSTOMER_MASTER1","pcType":"STRING","precision":20,"scale":0,"columnIndex":7,"isKey":false,"isWaterMarkKey":false,"isExternalId":false,"isSfIdLookup":false,"isNullable":true,"isUnique":false,"isCreateable":false,"isUpdateable":true,"isFilterable":true,"isCalculated":false,"filterType":"STRING","showLabel":false,"naturalOrder":7,"typeConfigFields":[],"typeConfigProperties":{},"linkedFields":["POSTAL_CODE"],"relatedInfos":[],"references":[]},"expression":"POSTAL_CODE"},{"@type":"fieldMap","id":"47986100","targetField":{"@type":"field","id":126873009,"name":"PHONE","type":"varchar","uniqueName":"PHONE","label":"PHONE","parentObject":"CUSTOMER_MASTER1","pcType":"STRING","precision":20,"scale":0,"columnIndex":8,"isKey":false,"isWaterMarkKey":false,"isExternalId":false,"isSfIdLookup":false,"isNullable":true,"isUnique":false,"isCreateable":false,"isUpdateable":true,"isFilterable":true,"isCalculated":false,"filterType":"STRING","showLabel":false,"naturalOrder":8,"typeConfigFields":[],"typeConfigProperties":{},"linkedFields":["PHONE"],"relatedInfos":[],"references":[]},"expression":"PHONE"},{"@type":"fieldMap","id":"47986101","targetField":{"@type":"field","id":126873010,"name":"EMAIL","type":"varchar","uniqueName":"EMAIL","label":"EMAIL","parentObject":"CUSTOMER_MASTER1","pcType":"STRING","precision":100,"scale":0,"columnIndex":9,"isKey":false,"isWaterMarkKey":false,"isExternalId":false,"isSfIdLookup":false,"isNullable":true,"isUnique":false,"isCreateable":false,"isUpdateable":true,"isFilterable":true,"isCalculated":false,"filterType":"STRING","showLabel":false,"naturalOrder":9,"typeConfigFields":[],"typeConfigProperties":{},"linkedFields":["EMAIL"],"relatedInfos":[],"references":[]},"expression":"EMAIL"}],"sourceFields":[{"@type":"field","id":126873011,"name":"CUST_ID","type":"int","uniqueName":"CUST_ID","label":"CUST_ID","parentObject":"INITIAL_CUSTOMERS.CSV","pcType":"INT","precision":10,"scale":0,"columnIndex":0,"isKey":false,"isWaterMarkKey":false,"isExternalId":false,"isSfIdLookup":false,"isNullable":true,"isUnique":false,"isCreateable":false,"isUpdateable":true,"isFilterable":true,"isCalculated":false,"filterType":"INT","showLabel":false,"naturalOrder":0,"typeConfigFields":[],"typeConfigProperties":{},"linkedFields":["CUST_ID"],"relatedInfos":[],"references":[]},{"@type":"field","id":126873012,"name":"FIRST_NAME","type":"nstring","uniqueName":"FIRST_NAME","label":"FIRST_NAME","parentObject":"INITIAL_CUSTOMERS.CSV","pcType":"UNISTRING","precision":50,"scale":0,"columnIndex":1,"isKey":false,"isWaterMarkKey":false,"isExternalId":false,"isSfIdLookup":false,"isNullable":true,"isUnique":false,"isCreateable":false,"isUpdateable":true,"isFilterable":true,"isCalculated":false,"filterType":"STRING","showLabel":false,"naturalOrder":0,"typeConfigFields":[],"typeConfigProperties":{},"linkedFields":["FIRST_NAME"],"relatedInfos":[],"references":[]},{"@type":"field","id":126873013,"name":"LAST_NAME","type":"nstring","uniqueName":"LAST_NAME","label":"LAST_NAME","parentObject":"INITIAL_CUSTOMERS.CSV","pcType":"UNISTRING","precision":50,"scale":0,"columnIndex":2,"isKey":false,"isWaterMarkKey":false,"isExternalId":false,"isSfIdLookup":false,"isNullable":true,"isUnique":false,"isCreateable":false,"isUpdateable":true,"isFilterable":true,"isCalculated":false,"filterType":"STRING","showLabel":false,"naturalOrder":0,"typeConfigFields":[],"typeConfigProperties":{},"linkedFields":["LAST_NAME"],"relatedInfos":[],"references":[]},{"@type":"field","id":126873014,"name":"ADDR1","type":"nstring","uniqueName":"ADDR1","label":"ADDR1","parentObject":"INITIAL_CUSTOMERS.CSV","pcType":"UNISTRING","precision":100,"scale":0,"columnIndex":3,"isKey":false,"isWaterMarkKey":false,"isExternalId":false,"isSfIdLookup":false,"isNullable":true,"isUnique":false,"isCreateable":false,"isUpdateable":true,"isFilterable":true,"isCalculated":false,"filterType":"STRING","showLabel":false,"naturalOrder":0,"typeConfigFields":[],"typeConfigProperties":{},"linkedFields":["ADDR1"],"relatedInfos":[],"references":[]},{"@type":"field","id":126873015,"name":"ADDR2","type":"nstring","uniqueName":"ADDR2","label":"ADDR2","parentObject":"INITIAL_CUSTOMERS.CSV","pcType":"UNISTRING","precision":100,"scale":0,"columnIndex":4,"isKey":false,"isWaterMarkKey":false,"isExternalId":false,"isSfIdLookup":false,"isNullable":true,"isUnique":false,"isCreateable":false,"isUpdateable":true,"isFilterable":true,"isCalculated":false,"filterType":"STRING","showLabel":false,"naturalOrder":0,"typeConfigFields":[],"typeConfigProperties":{},"linkedFields":["ADDR2"],"relatedInfos":[],"references":[]},{"@type":"field","id":126873016,"name":"CITY","type":"nstring","uniqueName":"CITY","label":"CITY","parentObject":"INITIAL_CUSTOMERS.CSV","pcType":"UNISTRING","precision":50,"scale":0,"columnIndex":5,"isKey":false,"isWaterMarkKey":false,"isExternalId":false,"isSfIdLookup":false,"isNullable":true,"isUnique":false,"isCreateable":false,"isUpdateable":true,"isFilterable":true,"isCalculated":false,"filterType":"STRING","showLabel":false,"naturalOrder":0,"typeConfigFields":[],"typeConfigProperties":{},"linkedFields":["CITY"],"relatedInfos":[],"references":[]},{"@type":"field","id":126873017,"name":"STATE","type":"nstring","uniqueName":"STATE","label":"STATE","parentObject":"INITIAL_CUSTOMERS.CSV","pcType":"UNISTRING","precision":50,"scale":0,"columnIndex":6,"isKey":false,"isWaterMarkKey":false,"isExternalId":false,"isSfIdLookup":false,"isNullable":true,"isUnique":false,"isCreateable":false,"isUpdateable":true,"isFilterable":true,"isCalculated":false,"filterType":"STRING","showLabel":false,"naturalOrder":0,"typeConfigFields":[],"typeConfigProperties":{},"linkedFields":["STATE"],"relatedInfos":[],"references":[]},{"@type":"field","id":126873018,"name":"POSTAL_CODE","type":"nstring","uniqueName":"POSTAL_CODE","label":"POSTAL_CODE","parentObject":"INITIAL_CUSTOMERS.CSV","pcType":"UNISTRING","precision":20,"scale":0,"columnIndex":7,"isKey":false,"isWaterMarkKey":false,"isExternalId":false,"isSfIdLookup":false,"isNullable":true,"isUnique":false,"isCreateable":false,"isUpdateable":true,"isFilterable":true,"isCalculated":false,"filterType":"STRING","showLabel":false,"naturalOrder":0,"typeConfigFields":[],"typeConfigProperties":{},"linkedFields":["POSTAL_CODE"],"relatedInfos":[],"references":[]},{"@type":"field","id":126873019,"name":"PHONE","type":"nstring","uniqueName":"PHONE","label":"PHONE","parentObject":"INITIAL_CUSTOMERS.CSV","pcType":"UNISTRING","precision":20,"scale":0,"columnIndex":8,"isKey":false,"isWaterMarkKey":false,"isExternalId":false,"isSfIdLookup":false,"isNullable":true,"isUnique":false,"isCreateable":false,"isUpdateable":true,"isFilterable":true,"isCalculated":false,"filterType":"STRING","showLabel":false,"naturalOrder":0,"typeConfigFields":[],"typeConfigProperties":{},"linkedFields":["PHONE"],"relatedInfos":[],"references":[]},{"@type":"field","id":126873020,"name":"EMAIL","type":"nstring","uniqueName":"EMAIL","label":"EMAIL","parentObject":"INITIAL_CUSTOMERS.CSV","pcType":"UNISTRING","precision":100,"scale":0,"columnIndex":9,"isKey":false,"isWaterMarkKey":false,"isExternalId":false,"isSfIdLookup":false,"isNullable":true,"isUnique":false,"isCreateable":false,"isUpdateable":true,"isFilterable":true,"isCalculated":false,"filterType":"STRING","showLabel":false,"naturalOrder":0,"typeConfigFields":[],"typeConfigProperties":{},"linkedFields":["EMAIL"],"relatedInfos":[],"references":[]}],"sortFields":[],"groupFields":[]}]