[{"@type":"mappingTemplate","id":"@1","name":"m_rid_REST_GetWeather_By_City","description":"","autoExpireObject":false,"bundleVersion":"0","assetFrsGuid":"62lDyoNPJEulfZEveZbkEV","templateId":"@3","deployTime":1744958525000,"hasParameters":false,"valid":true,"fixedConnection":true,"hasParametersDeployed":false,"fixedConnectionDeployed":true,"isSchemaValidationEnabled":false,"tasks":0,"mappingPreviewFileRecordId":"@2","documentType":"MAPPING","allowMaxFieldLength":false,"references":[{"@type":"reference","refObjectId":"@ajwuqE7nlqIgq0BOKVp5YG","refType":"connection"},{"@type":"reference","refObjectId":"@h8MdVZPRIKBdgcK0Q5VhYb","refType":"connection"}]}]