[{"@type":"mappingTemplate","id":"@1","name":"m_rid_aggregater_mpplet-Advanced","description":"","autoExpireObject":false,"bundleVersion":"0","assetFrsGuid":"22NSi3Ch8CqgO1l57Sdey7","templateId":"@3","hasParameters":false,"valid":true,"fixedConnection":true,"hasParametersDeployed":false,"fixedConnectionDeployed":false,"isSchemaValidationEnabled":false,"tasks":0,"mappingPreviewFileRecordId":"@2","documentType":"AT_SCALE_MAPPING","allowMaxFieldLength":false,"references":[{"@type":"reference","refObjectId":"@a4wJg7Bz68giVAUqJm0b8i","refType":"mappletTemplate"},{"@type":"reference","refObjectId":"@4fforEhFwOngc8TnSmh1MI","refType":"connection"}]}]