[{"@type":"mappingTemplate","id":"@1","name":"m_rid_dmt_details","description":"","autoExpireObject":false,"bundleVersion":"0","assetFrsGuid":"huLJWuPgXCSl9fa0FkuUWx","templateId":"@3","deployTime":1750741466000,"hasParameters":true,"valid":true,"fixedConnection":true,"hasParametersDeployed":true,"fixedConnectionDeployed":true,"isSchemaValidationEnabled":false,"tasks":1,"mappingPreviewFileRecordId":"@2","documentType":"MAPPING","allowMaxFieldLength":false,"references":[{"@type":"reference","refObjectId":"@i0sELk1h8sAiRTMnuZTz29","refType":"connection"},{"@type":"reference","refObjectId":"@kermNNYZ6qYbL9uV9Bo9oF@dmt_details","refType":"businessOperation"},{"@type":"reference","refObjectId":"@kermNNYZ6qYbL9uV9Bo9oF","refType":"businessService"},{"@type":"reference","refObjectId":"@4fforEhFwOngc8TnSmh1MI","refType":"connection"}]}]