[{"@type":"mappingTemplate","id":"@1","name":"MT_LOGIN","description":"","autoExpireObject":false,"bundleVersion":"0","assetFrsGuid":"3pGEZpRowtLgoMlRuO59uV","templateId":"@3","deployTime":1745834530000,"hasParameters":false,"valid":true,"fixedConnection":true,"hasParametersDeployed":false,"fixedConnectionDeployed":true,"isSchemaValidationEnabled":false,"tasks":0,"mappingPreviewFileRecordId":"@2","documentType":"MAPPING","allowMaxFieldLength":false,"references":[{"@type":"reference","refObjectId":"@4fforEhFwOngc8TnSmh1MI","refType":"connection"},{"@type":"reference","refObjectId":"@4y568dMhKiDeWgrk5xGzKo","refType":"connection"}]}]