[{"@type":"mappingTemplate","id":"@1","name":"m_rid_Full_outer_join","description":"","autoExpireObject":false,"bundleVersion":"0","assetFrsGuid":"8pvZ39pPQAMfpXDBXkcECG","templateId":"@3","deployTime":1744940022000,"hasParameters":false,"valid":true,"fixedConnection":true,"hasParametersDeployed":false,"fixedConnectionDeployed":true,"isSchemaValidationEnabled":false,"tasks":0,"mappingPreviewFileRecordId":"@2","documentType":"MAPPING","allowMaxFieldLength":false,"references":[{"@type":"reference","refObjectId":"@4fforEhFwOngc8TnSmh1MI","refType":"connection"},{"@type":"reference","refObjectId":"@h8MdVZPRIKBdgcK0Q5VhYb","refType":"connection"}]}]