[{"@type":"mappingTemplate","id":"@1","name":"m_rid_simple","description":"","autoExpireObject":false,"bundleVersion":"0","assetFrsGuid":"7zocK9ldQTgcgNHDQrOWgJ","templateId":"@3","deployTime":1745995724000,"hasParameters":false,"valid":true,"fixedConnection":true,"hasParametersDeployed":false,"fixedConnectionDeployed":true,"isSchemaValidationEnabled":false,"tasks":2,"mappingPreviewFileRecordId":"@2","documentType":"MAPPING","allowMaxFieldLength":false,"references":[{"@type":"reference","refObjectId":"@6kp99j5UKURg398y1mxaCR","refType":"connection"},{"@type":"reference","refObjectId":"@4fforEhFwOngc8TnSmh1MI","refType":"connection"}]}]