[{"@type":"businessService","id":"@1","name":"EXGS-C360-BS-ERICHMNT-API","description":"","autoExpireObject":false,"type":"WebService","connectionId":"@h8MdVZPRIKBdgcK0Q5VhYb","enableDynamicRefresh":false,"businessOperations":[{"@type":"businessOperation","id":"@4ijcrkIWZ6ijFbj3YBhH4F@Enrichment_APIOperation","originName":"Enrichment_APIOperation","name":"Enrichment_APIOperation","description":"","configured":false,"metadataId":"@4","requestId":"@5","responseId":"@6","faultId":"@3","extensionXmlId":"@2"}]}]