[{"@type":"businessService","id":"@1","name":"EXGS-C360-BS-ERICHMNT-API","description":"","autoExpireObject":false,"type":"WebService","connectionId":"@8yGWo4KZC38bAH0qHXiKM5","enableDynamicRefresh":false,"businessOperations":[{"@type":"businessOperation","id":"@2j2QnuwrdftbzlO747mPiB@Enrichment_APIOperation","originName":"Enrichment_APIOperation","name":"Enrichment_APIOperation","description":"","configured":false,"metadataId":"@4","requestId":"@5","responseId":"@6","faultId":"@3","extensionXmlId":"@2"}]}]