[{"@type":"fileRecord","id":"@2","name":"extension","type":"XML","size":2525015,"attachTime":1747027740000},{"@type":"fileRecord","id":"@4","name":"metadata","type":"JSON","size":1891039,"attachTime":1747027740000},{"@type":"fileRecord","id":"@3","name":"fault","type":"XSD","size":6491,"attachTime":1747027740000},{"@type":"fileRecord","id":"@6","name":"response","type":"XSD","size":2499972,"attachTime":1747027740000},{"@type":"fileRecord","id":"@5","name":"request","type":"XSD","size":11955,"attachTime":1747027740000}]