[{"@type":"fileRecord","id":"@2","name":"extension","type":"XML","size":16177,"attachTime":1744930996000},{"@type":"fileRecord","id":"@3","name":"fault","type":"XSD","size":4837,"attachTime":1744930996000},{"@type":"fileRecord","id":"@4","name":"metadata","type":"JSON","size":2903,"attachTime":1744930996000},{"@type":"fileRecord","id":"@6","name":"response","type":"XSD","size":4981,"attachTime":1744930996000},{"@type":"fileRecord","id":"@5","name":"request","type":"XSD","size":4935,"attachTime":1744930996000}]