[{"@type":"mappingTemplate","id":"@1","name":"m_rid_BASIC_HISTORY_TRACKING","description":"","autoExpireObject":false,"bundleVersion":"0","assetFrsGuid":"8nNYvzW2Og6d1NFxIphVS1","templateId":"@3","deployTime":1744952160000,"hasParameters":false,"valid":true,"fixedConnection":true,"hasParametersDeployed":false,"fixedConnectionDeployed":true,"isSchemaValidationEnabled":false,"tasks":1,"mappingPreviewFileRecordId":"@2","documentType":"MAPPING","allowMaxFieldLength":false,"references":[{"@type":"reference","refObjectId":"@6kp99j5UKURg398y1mxaCR","refType":"connection"},{"@type":"reference","refObjectId":"@h8MdVZPRIKBdgcK0Q5VhYb","refType":"connection"}]}]