[{"@type":"customSource","id":"@1","name":"sq_rid_Instructor Query","autoExpireObject":false,"type":"SqlServer","query":"SELECT CUST_ID, NAME FROM CUSTOMER WHERE  COUNTRY = 'USA'  OR COUNTRY = 'US' AND STATUS = 'LIVE'","fields":[{"@type":"field","id":126928135,"name":"CUST_ID","type":"integer","uniqueName":"CUST_ID","label":"CUST_ID","parentObject":"sq_rid_Instructor Query","pcType":"INT","precision":10,"scale":0,"columnIndex":0,"isKey":false,"isWaterMarkKey":false,"isExternalId":false,"isSfIdLookup":false,"isNullable":false,"isUnique":false,"isCreateable":false,"isUpdateable":true,"isFilterable":true,"isCalculated":false,"filterType":"INT","showLabel":true,"naturalOrder":0,"typeConfigFields":[],"typeConfigProperties":{},"linkedFields":[],"relatedInfos":[],"references":[]},{"@type":"field","id":126928136,"name":"NAME","type":"varchar","uniqueName":"NAME","label":"NAME","parentObject":"sq_rid_Instructor Query","pcType":"STRING","precision":255,"scale":0,"columnIndex":1,"isKey":false,"isWaterMarkKey":false,"isExternalId":false,"isSfIdLookup":false,"isNullable":true,"isUnique":false,"isCreateable":false,"isUpdateable":true,"isFilterable":true,"isCalculated":false,"filterType":"STRING","showLabel":true,"naturalOrder":1,"typeConfigFields":[],"typeConfigProperties":{},"linkedFields":[],"relatedInfos":[],"references":[]}]}]