[{"@type":"mappingTemplate","id":"@1","name":"m_XX_WebServices","description":"","autoExpireObject":false,"bundleVersion":"0","assetFrsGuid":"5IkMswnzEWRlLVByUVPEcr","templateId":"@3","deployTime":1744931472000,"hasParameters":false,"valid":true,"fixedConnection":true,"hasParametersDeployed":false,"fixedConnectionDeployed":true,"isSchemaValidationEnabled":false,"tasks":1,"mappingPreviewFileRecordId":"@2","documentType":"MAPPING","allowMaxFieldLength":false,"references":[{"@type":"reference","refObjectId":"@1ic3q4hjPJChvzKx2zpcO1","refType":"businessService"},{"@type":"reference","refObjectId":"@4fforEhFwOngc8TnSmh1MI","refType":"connection"},{"@type":"reference","refObjectId":"@1ic3q4hjPJChvzKx2zpcO1@NumberToDollars","refType":"businessOperation"},{"@type":"reference","refObjectId":"@h8MdVZPRIKBdgcK0Q5VhYb","refType":"connection"}]}]