[{"@type":"mappingTemplate","id":"@1","name":"m_rid_dynamic","description":"","autoExpireObject":false,"bundleVersion":"0","assetFrsGuid":"9B91N1HFpfQhVLGwz4SZKP","templateId":"@3","deployTime":1750665570000,"hasParameters":true,"valid":true,"fixedConnection":true,"hasParametersDeployed":true,"fixedConnectionDeployed":true,"isSchemaValidationEnabled":false,"tasks":0,"mappingPreviewFileRecordId":"@2","documentType":"MAPPING","allowMaxFieldLength":false,"references":[{"@type":"reference","refObjectId":"@4fforEhFwOngc8TnSmh1MI","refType":"connection"}]}]