[{"@type":"mappingTemplate","id":"@1","name":"m_ERP_DWH","description":"","autoExpireObject":false,"bundleVersion":"0","assetFrsGuid":"6pbUpaVzImqiSiTiGFc0iE","templateId":"@3","deployTime":1748365721000,"hasParameters":true,"valid":true,"fixedConnection":true,"hasParametersDeployed":true,"fixedConnectionDeployed":true,"isSchemaValidationEnabled":false,"tasks":1,"mappingPreviewFileRecordId":"@2","documentType":"MAPPING","allowMaxFieldLength":false,"references":[{"@type":"reference","refObjectId":"@8UMGeSqK4kjk2swhcPTzU4","refType":"connection"}]}]