[{"@type":"mappingTemplate","id":"@1","name":"m_rid_MappletTransformation","description":"","autoExpireObject":false,"bundleVersion":"0","assetFrsGuid":"4m7EUF79tgrfAoFlt5wUyY","templateId":"@3","deployTime":1744893881000,"hasParameters":false,"valid":true,"fixedConnection":true,"hasParametersDeployed":false,"fixedConnectionDeployed":true,"isSchemaValidationEnabled":false,"tasks":0,"mappingPreviewFileRecordId":"@2","documentType":"MAPPING","allowMaxFieldLength":false,"references":[{"@type":"reference","refObjectId":"@9P1XqT3qKhBe97JxYfKwGq","refType":"mappletTemplate"},{"@type":"reference","refObjectId":"@7ghG12FucQVebSD3y1fDW9","refType":"connection"},{"@type":"reference","refObjectId":"@4fforEhFwOngc8TnSmh1MI","refType":"connection"},{"@type":"reference","refObjectId":"@h8MdVZPRIKBdgcK0Q5VhYb","refType":"connection"}]}]