[{"@type":"mappingTemplate","id":"@1","name":"m_rid_lookup","description":"","autoExpireObject":false,"bundleVersion":"0","assetFrsGuid":"kc2r9ajg3M5fyLVDoRwLm2","templateId":"@3","deployTime":1744893812000,"hasParameters":false,"valid":true,"fixedConnection":true,"hasParametersDeployed":false,"fixedConnectionDeployed":true,"isSchemaValidationEnabled":false,"tasks":1,"mappingPreviewFileRecordId":"@2","documentType":"MAPPING","allowMaxFieldLength":false,"references":[{"@type":"reference","refObjectId":"@6kp99j5UKURg398y1mxaCR","refType":"connection"}]}]