[{"@type":"UDF","id":"@1","name":"CUSTOM_TRIM","description":"前後のSpaceを(半角全角問わず)トリミングする。\n値がない場合（nullやSpaceのみも含む）、Blankで出力する。","autoExpireObject":false,"expression":"Decode(true\n  \n  ,IsNull(input_string)\n  ,''\n  \n  , LTrim( RTrim(input_string, ' 　'), ' 　') \n)","detailType":"DEPLOYED","returnType":"string","arguments":[{"name":"input_string","type":"string","description":""}],"detailCreateTime":1739435218000,"detailUpdateTime":1739435625000,"frsGuid":"fe9TCwdCQAsbbl4BxKQikh","valid":true,"validForEnginesStr":"CDI,CDI_E"}]