[{"@type":"mappingTemplate","id":"@1","name":"m_rid_new_1","description":"","autoExpireObject":false,"bundleVersion":"0","assetFrsGuid":"55eH4ztbZGTbZeUsVEktIy","templateId":"@3","deployTime":1744734640000,"hasParameters":false,"valid":true,"fixedConnection":true,"hasParametersDeployed":false,"fixedConnectionDeployed":true,"isSchemaValidationEnabled":false,"tasks":0,"mappingPreviewFileRecordId":"@2","documentType":"MAPPING","allowMaxFieldLength":false,"references":[{"@type":"reference","refObjectId":"@6kp99j5UKURg398y1mxaCR","refType":"connection"},{"@type":"reference","refObjectId":"@4fforEhFwOngc8TnSmh1MI","refType":"connection"},{"@type":"reference","refObjectId":"@h8MdVZPRIKBdgcK0Q5VhYb","refType":"connection"}]}]