[{"@type":"mappingTemplate","id":"@1","name":"EXGS-C360-M-ORG-OTBOUND","description":"","autoExpireObject":false,"bundleVersion":"0","assetFrsGuid":"7A8g0zCiZkilalw7UHSH0F","templateId":"@3","deployTime":1747027741000,"hasParameters":false,"valid":true,"fixedConnection":true,"hasParametersDeployed":false,"fixedConnectionDeployed":true,"isSchemaValidationEnabled":false,"tasks":0,"mappingPreviewFileRecordId":"@2","documentType":"MAPPING","allowMaxFieldLength":false,"references":[{"@type":"reference","refObjectId":"@4ijcrkIWZ6ijFbj3YBhH4F","refType":"businessService"},{"@type":"reference","refObjectId":"@4ijcrkIWZ6ijFbj3YBhH4F@Enrichment_APIOperation","refType":"businessOperation"},{"@type":"reference","refObjectId":"@h8MdVZPRIKBdgcK0Q5VhYb","refType":"connection"}]}]