[{"@type":"workflow","id":"@1","name":"tf_rid_Ioad_Payment_Taskflow","autoExpireObject":false,"errorTaskEmail":{"@type":"taskEmail","id":821945,"emails":"riagrawal@informatica.com","emailType":"ERROR"},"successTaskEmail":{"@type":"taskEmail","id":821946,"emails":"riagrawal@informatica.com","emailType":"SUCCESS"},"warningTaskEmail":{"@type":"taskEmail","id":821947,"emails":"riagrawal@informatica.com","emailType":"WARNING"},"maxLogs":10,"references":[{"@type":"reference","refObjectId":"@24qIL0hv1GQgzfq6Q54gYQ","refType":"dssTask"},{"@type":"reference","refObjectId":"@7zKkBax25IKckh1ZzgCycc","refType":"dssTask"},{"@type":"reference","refObjectId":"@2M9zq6SBeQjfqHvukHHn8q","refType":"dssTask"},{"@type":"reference","refObjectId":"@fmsnOwGV9QUfL2fxvZIgMd","refType":"dMaskTask"}],"tasks":[{"@type":"workflowTask","taskId":"@24qIL0hv1GQgzfq6Q54gYQ","type":"DSS","name":"syn_rid_OutletsLoad","stopOnError":true,"stopOnWarning":true},{"@type":"workflowTask","taskId":"@7zKkBax25IKckh1ZzgCycc","type":"DSS","name":"syn_rid_lookup","stopOnError":true,"stopOnWarning":true},{"@type":"workflowTask","taskId":"@2M9zq6SBeQjfqHvukHHn8q","type":"DSS","name":"syn_rid_upsert","stopOnError":true,"stopOnWarning":true},{"@type":"workflowTask","taskId":"@fmsnOwGV9QUfL2fxvZIgMd","type":"DMASK","name":"mask_rid_PhoneNumber_Masking","stopOnError":true,"stopOnWarning":true}]}]