[{"@type":"mappingTemplate","id":"@1","name":"Mapping259","description":"","autoExpireObject":false,"bundleVersion":"0","assetFrsGuid":"0pvcZiLBFw4gYfnzHKqHO1","templateId":"@3","deployTime":1750153460000,"hasParameters":true,"valid":true,"fixedConnection":true,"hasParametersDeployed":true,"fixedConnectionDeployed":true,"isSchemaValidationEnabled":false,"tasks":0,"mappingPreviewFileRecordId":"@2","documentType":"MAPPING","allowMaxFieldLength":false,"references":[{"@type":"reference","refObjectId":"@4fforEhFwOngc8TnSmh1MI","refType":"connection"}]}]