[{"@type":"mappingTemplate","id":"@1","name":"m_rid_InOutParameter","description":"","autoExpireObject":false,"bundleVersion":"0","assetFrsGuid":"ePBTXsuTXm6ff9QOPHBvSX","templateId":"@3","deployTime":1745211332000,"hasParameters":false,"valid":true,"fixedConnection":true,"hasParametersDeployed":false,"fixedConnectionDeployed":true,"isSchemaValidationEnabled":false,"tasks":1,"mappingPreviewFileRecordId":"@2","documentType":"MAPPING","allowMaxFieldLength":false,"references":[{"@type":"reference","refObjectId":"@6kp99j5UKURg398y1mxaCR","refType":"connection"},{"@type":"reference","refObjectId":"@4fforEhFwOngc8TnSmh1MI","refType":"connection"}]}]