[{"@type":"fileRecord","id":"@5","name":"request","type":"XSD","size":6913,"attachTime":1750741303000},{"@type":"fileRecord","id":"@4","name":"metadata","type":"JSON","size":11673,"attachTime":1750741303000},{"@type":"fileRecord","id":"@3","name":"fault","type":"XSD","size":6419,"attachTime":1750741303000},{"@type":"fileRecord","id":"@6","name":"response","type":"XSD","size":19915,"attachTime":1750741303000},{"@type":"fileRecord","id":"@2","name":"extension","type":"XML","size":39368,"attachTime":1750741303000}]