[{"@type":"fileRecord","id":"@5","name":"request","type":"XSD","size":7014,"attachTime":1750680423000},{"@type":"fileRecord","id":"@4","name":"metadata","type":"JSON","size":7247,"attachTime":1750680423000},{"@type":"fileRecord","id":"@3","name":"fault","type":"XSD","size":6413,"attachTime":1750680423000},{"@type":"fileRecord","id":"@6","name":"response","type":"XSD","size":13501,"attachTime":1750680423000},{"@type":"fileRecord","id":"@2","name":"extension","type":"XML","size":33485,"attachTime":1750680423000}]