[{"@type":"mappingTemplate","id":"@1","name":"m_rid_aggregater_mpplet","description":"","autoExpireObject":false,"bundleVersion":"0","assetFrsGuid":"0LaAqesnB0dkgdniCz8ROS","templateId":"@3","deployTime":1744938230000,"hasParameters":false,"valid":true,"fixedConnection":true,"hasParametersDeployed":false,"fixedConnectionDeployed":true,"isSchemaValidationEnabled":false,"tasks":0,"mappingPreviewFileRecordId":"@2","documentType":"MAPPING","allowMaxFieldLength":false,"references":[{"@type":"reference","refObjectId":"@a4wJg7Bz68giVAUqJm0b8i","refType":"mappletTemplate"},{"@type":"reference","refObjectId":"@4fforEhFwOngc8TnSmh1MI","refType":"connection"}]}]