[{"@type":"mappingTemplate","id":"@1","name":"mt_rid_sample1","description":"","autoExpireObject":false,"bundleVersion":"0","assetFrsGuid":"0Imba9MlyjXgZsnedRt2Gf","templateId":"@3","deployTime":1749469022000,"hasParameters":false,"valid":true,"fixedConnection":true,"hasParametersDeployed":false,"fixedConnectionDeployed":true,"isSchemaValidationEnabled":false,"tasks":0,"mappingPreviewFileRecordId":"@2","documentType":"MAPPING","allowMaxFieldLength":false,"references":[{"@type":"reference","refObjectId":"@6kp99j5UKURg398y1mxaCR","refType":"connection"}]}]